City_ID,City,Lat,Lng,Max Temp,Humidity,Cloudiness,Wind Speed,Country,Date
0,grytviken,-54.2811,-36.5092,5.14,80,15,1.69,GS,1704710523
1,ete,7.05,7.45,33.6,24,10,2.43,NG,1704710738
2,waitangi,-43.9535,-176.5597,13.79,85,56,0.45,NZ,1704710738
3,isangel,-19.55,169.2667,26.39,86,50,1.57,VU,1704710738
4,albany,42.6001,-73.9662,-2.73,82,21,0.89,US,1704710739
5,nar'yan-mar,67.6713,53.087,-12.16,96,100,2.68,RU,1704710739
6,freetown,8.484,-13.2299,24.84,94,40,3.4,SL,1704710739
7,vorgashor,67.5833,63.95,-27.96,100,100,0.54,RU,1704710740
8,kerikeri,-35.2268,173.9474,16.06,85,1,1.29,NZ,1704710740
9,puerto natales,-51.7236,-72.4875,6.95,85,94,5.3,CL,1704710740
10,kowary,50.7931,15.8356,-3.68,71,85,19.22,PL,1704710740
11,sitka,57.0531,-135.33,3.94,75,100,4.63,US,1704710741
12,pisco,-13.7,-76.2167,21.03,88,100,1.03,PE,1704710741
13,kencong,-8.2833,113.3667,27.01,82,97,0.83,ID,1704710742
14,blackmans bay,-43.0167,147.3167,13.74,80,100,0.45,AU,1704710742
15,margaret river,-33.95,115.0667,18.8,80,62,7.76,AU,1704710743
16,badger,64.8,-147.5333,-7.23,84,75,0.0,US,1704710743
17,selfoss,63.9331,-20.9971,6.14,92,100,9.93,IS,1704710744
18,yellowknife,62.456,-114.3525,-32.62,83,75,2.06,CA,1704710744
19,verkhnevilyuysk,63.4453,120.3167,-28.27,98,100,1.76,RU,1704710744
20,vila velha,-20.3297,-40.2925,26.64,86,20,1.54,BR,1704710745
21,tazovsky,67.4667,78.7,-21.83,96,100,6.0,RU,1704710745
22,enewetak,11.3474,162.3373,27.12,71,99,8.01,MH,1704710746
23,lihue,21.9789,-159.3672,21.77,94,100,2.57,US,1704710746
24,ilulissat,69.2167,-51.1,-7.99,62,75,6.69,GL,1704710746
25,chibougamau,49.9168,-74.3659,-15.21,92,40,2.06,CA,1704710747
26,hammerfest,70.6634,23.6821,-1.75,100,100,3.6,NO,1704710747
27,adamstown,-25.066,-130.1015,22.75,84,100,4.73,PN,1704710747
28,itaituba,-4.2761,-55.9836,23.38,98,68,1.22,BR,1704710747
29,yugorsk,61.3133,63.3319,-18.16,92,100,4.83,RU,1704710748
30,lib,8.3122,167.3766,27.21,72,99,8.98,MH,1704710748
31,hamilton,39.1834,-84.5333,1.97,91,100,0.45,US,1704710748
32,timmins,48.4669,-81.3331,-18.1,85,40,2.57,CA,1704710749
33,college,64.8569,-147.8028,-7.18,82,100,0.0,US,1704710749
34,new norfolk,-42.7826,147.0587,14.4,87,100,1.56,AU,1704710749
35,howrah,22.5892,88.3103,23.0,64,2,4.12,IN,1704710701
36,jamestown,42.097,-79.2353,2.77,92,100,3.09,US,1704710749
37,port-aux-francais,-49.35,70.2167,8.11,93,81,15.79,TF,1704710750
38,malakal,9.5334,31.6605,35.53,12,39,3.61,SS,1704710750
39,geraldton,-28.7667,114.6,25.23,69,40,9.26,AU,1704710233
40,gunnison,38.7,-107.0673,-16.53,94,100,1.82,US,1704710750
41,brookings,44.3114,-96.7984,-8.86,91,100,5.66,US,1704710735
42,susuman,62.7833,148.1667,-42.23,99,90,0.45,RU,1704710751
43,hermanus,-34.4187,19.2345,21.42,59,3,9.18,ZA,1704710720
44,hawaiian paradise park,19.5933,-154.9731,21.69,96,0,1.54,US,1704710751
45,dryden,49.7833,-92.7503,-20.84,84,100,2.06,CA,1704710752
46,nuuk,64.1835,-51.7216,-5.66,93,100,8.75,GL,1704710752
47,ribeira grande,38.5167,-28.7,16.22,63,40,6.17,PT,1704710752
48,stanley,54.868,-1.6985,2.38,91,75,4.63,GB,1704710753
49,qamdo,31.1667,97.2333,-5.84,22,3,1.91,CN,1704710753
50,rovaniemi,66.5,25.7167,-8.33,92,96,2.57,FI,1704710753
51,turbiv,49.3479,28.7212,-8.97,89,100,7.71,UA,1704710754
52,talnakh,69.4865,88.3972,-24.44,96,93,4.02,RU,1704710754
53,rock springs,41.5875,-109.2029,-7.75,88,100,4.63,US,1704710754
54,ancud,-41.8697,-73.8203,9.91,71,3,2.1,CL,1704710754
55,kodiak,57.79,-152.4072,-1.27,86,0,0.0,US,1704710754
56,egilsstadir,65.2653,-14.3948,5.95,75,20,8.75,IS,1704710755
57,ginir,7.1333,40.7,23.91,30,41,4.54,ET,1704710755
58,hohhot,40.8106,111.6522,-6.84,58,0,1.0,CN,1704710755
59,whitehorse,60.7161,-135.0538,-13.88,82,100,12.35,CA,1704710755
60,puerto ayora,-0.7393,-90.3518,24.75,97,100,1.34,EC,1704710756
61,the pas,53.8251,-101.2541,-28.99,76,75,0.0,CA,1704710756
62,udachny,66.4167,112.4,-33.11,100,97,1.77,RU,1704710756
63,klaksvik,62.2266,-6.589,6.51,79,72,5.5,FO,1704710757
64,bilibino,68.0546,166.4372,-29.77,99,100,1.19,RU,1704710757
65,avarua,-21.2078,-159.775,25.03,94,75,5.14,CK,1704710757
66,santa rita,-7.1139,-34.9781,27.37,83,40,1.54,BR,1704710757
67,atafu village,-8.5421,-172.5159,29.02,70,97,3.22,TK,1704710758
68,iqaluit,63.7506,-68.5145,-22.15,59,20,2.57,CA,1704710758
69,fortuna,40.5982,-124.1573,6.19,87,70,2.68,US,1704710298
70,turinskaya sloboda,57.6232,64.3858,-16.74,91,100,6.34,RU,1704710758
71,beira,-19.8436,34.8389,32.05,62,40,4.63,MZ,1704710759
72,shimoda,34.6667,138.95,6.78,54,3,2.04,JP,1704710759
73,fort bragg,35.139,-79.006,3.75,77,0,1.54,US,1704710759
74,barcelos,41.5388,-8.6151,8.84,64,100,2.04,PT,1704710759
75,benin city,6.335,5.6275,37.5,32,9,0.52,NG,1704710759
76,tiksi,71.6872,128.8694,-34.58,97,49,3.75,RU,1704710760
77,praia da vitoria,38.7333,-27.0667,14.86,88,40,2.52,PT,1704710760
78,hithadhoo,-0.6,73.0833,28.43,75,61,5.99,MV,1704710761
79,papatowai,-46.5619,169.4708,13.13,77,97,2.68,NZ,1704710762
80,invercargill,-46.4,168.35,16.12,81,98,1.83,NZ,1704710763
81,penzance,50.1186,-5.5371,2.62,75,20,8.23,GB,1704710764
82,okha,53.5739,142.9478,-24.06,98,100,2.88,RU,1704710764
83,bethel,41.3712,-73.414,1.53,73,100,4.12,US,1704710765
84,papao,-17.75,-149.55,25.82,88,42,7.32,PF,1704710765
85,ust-nera,64.5667,143.2,-42.18,98,91,1.69,RU,1704710765
86,luena,-11.7833,19.9167,26.1,44,40,4.63,AO,1704710765
87,qaqortoq,60.7167,-46.0333,2.78,65,98,6.02,GL,1704710765
88,mount isa,-20.7333,139.5,28.87,65,99,2.06,AU,1704710766
89,west island,-12.1568,96.8225,28.99,79,40,6.17,CC,1704710766
90,kangding,30.0513,101.9603,3.12,51,5,2.0,CN,1704710558
91,saipan,15.1355,145.701,26.39,89,20,3.09,MP,1704710766
92,zintan,31.9223,12.252,10.11,37,1,9.12,LY,1704710766
93,revda,56.801,59.9303,-22.0,93,100,6.56,RU,1704710767
94,namtsy,62.7161,129.6658,-48.02,100,85,1.06,RU,1704710767
95,port elizabeth,-33.918,25.5701,21.17,85,100,5.66,ZA,1704710767
96,beyneu,45.3167,55.2,4.54,77,100,5.93,KZ,1704710768
97,ridgecrest,35.6225,-117.6709,3.16,36,0,2.24,US,1704710768
98,el granada,37.5027,-122.4694,8.65,81,0,0.0,US,1704710768
99,pandan,14.0453,124.1694,25.71,89,87,5.88,PH,1704710768
100,ray,23.6833,85.05,20.43,45,3,4.66,IN,1704710769
101,anka,12.1138,5.9243,31.83,7,64,5.85,NG,1704710769
102,marka,1.7159,44.7717,29.32,57,67,9.77,SO,1704710624
103,olonkinbyen,70.9221,-8.7187,1.83,95,100,10.08,SJ,1704710769
104,carolina beach,34.0352,-77.8936,4.48,72,100,5.93,US,1704710770
105,port douglas,-16.4833,145.4667,27.43,77,92,1.5,AU,1704710770
106,mukalla,14.5425,49.1242,27.33,33,59,4.93,YE,1704710770
107,wailua homesteads,22.0669,-159.378,21.44,90,100,2.57,US,1704710770
108,portland,45.5234,-122.6762,6.01,92,100,4.02,US,1704710771
109,isafjordur,66.0755,-23.124,11.02,66,75,4.12,IS,1704710771
110,kuanda,56.3161,116.0806,-27.25,92,36,0.61,RU,1704710771
111,richards bay,-28.783,32.0377,24.05,83,100,4.01,ZA,1704710771
112,viedma,-40.8135,-62.9967,19.78,46,3,9.82,AR,1704710771
113,kudahuvadhoo,2.6708,72.8944,27.88,74,95,3.8,MV,1704710772
114,saint-philippe,-21.3585,55.7679,29.77,74,53,3.57,RE,1704710772
115,vilyuchinsk,52.9306,158.4028,-15.04,85,17,3.41,RU,1704710772
116,olyokminsk,60.3736,120.4264,-21.99,90,100,4.23,RU,1704710773
117,as sulayyil,20.4607,45.5779,21.14,26,0,3.17,SA,1704710532
118,luanda,-8.8368,13.2343,30.0,60,20,2.57,AO,1704710773
119,fale old settlement,-9.3852,-171.2468,28.69,72,21,1.92,TK,1704710773
120,st. john's,47.5649,-52.7093,-3.35,89,100,4.63,CA,1704710773
121,alaghsas,17.0187,8.0168,26.94,12,0,5.66,NE,1704710774
122,edinburgh of the seven seas,-37.0676,-12.3116,16.38,92,100,10.37,SH,1704710774
123,ketchikan,55.3422,-131.6461,2.41,93,100,3.09,US,1704710774
124,palembang,-2.9167,104.7458,30.05,70,20,3.6,ID,1704710688
125,rongelap,11.1635,166.8941,27.29,74,78,9.49,MH,1704710774
126,port lincoln,-34.7333,135.8667,16.13,84,0,5.65,AU,1704710774
127,san miguel cuyutlan,20.4167,-103.4,11.3,94,7,1.32,MX,1704710775
128,ushuaia,-54.8,-68.3,8.81,61,75,4.63,AR,1704710696
129,chonchi,-42.6128,-73.8092,7.29,70,73,0.71,CL,1704710775
130,katiola,8.1333,-5.1,30.35,26,23,1.02,CI,1704710775
131,dukku,10.8231,10.7717,30.19,7,0,3.85,NG,1704710776
132,katy wroclawskie,51.031,16.7677,-4.44,76,75,2.57,PL,1704710776
133,soe,-9.8607,124.284,21.79,93,100,1.11,ID,1704710776
134,marsh harbour,26.5412,-77.0636,21.14,66,100,8.07,BS,1704710777
135,brandon,27.9378,-82.2859,11.69,83,0,4.12,US,1704710777
136,lebu,-37.6167,-73.65,13.2,80,0,4.79,CL,1704710777
137,aasiaat,68.7098,-52.8699,-11.07,87,100,2.58,GL,1704710777
138,antsiranana,-12.2787,49.2917,28.42,83,75,6.17,MG,1704710778
139,aripuana,-9.1667,-60.6333,23.58,97,94,0.24,BR,1704710778
140,el calafate,-50.3408,-72.2768,6.86,58,77,3.93,AR,1704710778
141,pacific grove,36.6177,-121.9166,7.61,85,0,2.06,US,1704710778
142,alofi,-19.0595,-169.9187,24.94,94,91,1.03,NU,1704710779
143,bataipora,-22.2953,-53.2711,30.04,46,1,2.14,BR,1704710779
144,kargasok,59.0556,80.8572,-5.98,96,100,4.72,RU,1704710780
145,roslavl',53.9528,32.8639,-12.82,79,74,2.35,RU,1704710653
146,borba,-4.3878,-59.5939,24.64,81,53,1.43,BR,1704710780
147,san lawrenz,36.0553,14.204,12.67,62,30,12.39,MT,1704710781
148,kidal,18.4411,1.4078,29.51,9,53,4.69,ML,1704710781
149,shchuchinsk,52.9333,70.2,-16.92,89,100,9.0,KZ,1704710781
150,crane,31.3974,-102.3501,7.04,51,6,11.86,US,1704710781
151,rio tinto,41.1826,-8.5581,8.53,86,0,5.81,PT,1704710781
152,hastings,50.8552,0.5729,2.86,70,90,10.6,GB,1704710782
153,luis correia,-2.8792,-41.6669,28.0,78,20,4.12,BR,1704710782
154,madimba,-10.4,40.3333,30.62,74,75,5.14,TZ,1704710782
155,yulinshi,38.2906,109.7494,-1.67,45,100,1.85,CN,1704710782
156,albertina,-22.2008,-46.6158,25.08,60,11,1.93,BR,1704710783
157,georgetown,5.4112,100.3354,30.96,78,20,1.54,MY,1704710661
158,porto novo,6.4965,2.6036,30.9,51,10,2.29,BJ,1704710783
159,altai,46.3722,96.2583,-15.78,75,21,1.18,MN,1704710783
160,margate,51.3813,1.3862,2.72,69,100,3.13,GB,1704710783
161,tralee,52.2704,-9.7026,2.14,80,20,6.69,IE,1704710784
162,la ronge,55.1001,-105.2842,-31.86,75,75,1.54,CA,1704710784
163,tsiombe,-25.3,45.4833,30.37,63,39,7.39,MG,1704710784
164,orlovskiy,46.8714,42.0592,-3.24,94,100,6.97,RU,1704710784
165,anar darah,32.7587,61.654,14.22,16,0,1.64,AF,1704710785
166,colonia,50.9333,6.95,0.48,66,75,4.12,DE,1704710734
167,ono-hara,34.2833,132.2667,3.95,65,20,2.57,JP,1704710785
168,nuku'alofa,-21.1333,-175.2,26.19,89,75,2.57,TO,1704710785
169,hami,42.8,93.45,-4.37,62,1,1.22,CN,1704710786
170,mitu,1.1983,-70.1733,23.47,85,94,0.97,CO,1704710786
171,waingapu,-9.6567,120.2641,28.39,79,96,1.77,ID,1704710786
172,saudarkrokur,65.7461,-19.6394,5.52,92,99,5.35,IS,1704710786
173,boysun,38.2061,67.1986,2.98,97,100,1.69,UZ,1704710787
174,yukhnov,54.7444,35.2297,-13.12,74,7,1.79,RU,1704710787
175,caussade,44.1608,1.5391,3.56,79,95,4.65,FR,1704710787
176,kayyerkan,69.3786,87.7439,-27.94,96,74,2.88,RU,1704710787
177,longyearbyen,78.2186,15.6401,-13.09,72,75,5.14,SJ,1704710787
178,cabedelo,-6.9811,-34.8339,27.37,69,8,3.82,BR,1704710788
179,sumbawa besar,-8.5,117.4333,26.77,83,98,2.04,ID,1704710788
180,ko pha ngan,9.7578,100.0291,27.38,74,17,3.88,TH,1704710788
181,dudinka,69.4058,86.1778,-25.18,94,91,7.15,RU,1704710789
182,douz,33.4663,9.0203,13.04,40,0,9.33,TN,1704710789
183,mbuji-mayi,-6.15,23.6,27.02,76,100,0.28,CD,1704710789
184,karratha,-20.7377,116.8463,32.97,40,0,11.63,AU,1704710789
185,moquegua,-17.1956,-70.9353,18.26,79,92,0.43,PE,1704710789
186,fort mcmurray,56.7268,-111.381,-18.23,78,100,3.09,CA,1704710790
187,tofol,5.3248,163.0078,27.88,81,63,9.5,FM,1704710790
188,gagarawa,12.4074,9.5277,29.27,7,21,5.38,NG,1704710791
189,korla,41.7597,86.1469,-3.56,71,1,0.65,CN,1704710791
190,oranjemund,-28.55,16.4333,20.91,66,46,9.86,NA,1704710791
191,acapulco de juarez,16.8634,-99.8901,23.53,79,30,2.44,MX,1704710791
192,nasiriyah,31.0521,46.261,19.36,22,95,1.3,IQ,1704710792
193,matoury,4.8483,-52.3317,25.98,94,100,0.0,GF,1704710643
194,minas de marcona,-15.2119,-75.1103,17.21,82,97,2.47,PE,1704710792
195,riolandia,-19.9808,-49.6819,28.66,54,11,2.63,BR,1704710793
196,port blair,11.6667,92.75,30.02,70,40,4.12,IN,1704710793
197,khandyga,62.6667,135.6,-47.48,100,97,0.79,RU,1704710794
198,dzuunharaa,48.8523,106.4579,-19.5,99,10,1.51,MN,1704710794
199,kavaratti,10.5669,72.642,28.28,74,51,4.12,IN,1704710794
200,ta`u,-14.2336,-169.5144,28.55,75,87,1.86,AS,1704710794
201,bardai,11.65,7.2333,29.13,7,70,6.89,NG,1704710795
202,happy valley-goose bay,53.3168,-60.3315,-10.83,62,100,6.17,CA,1704710795
203,bikenibeu village,1.3673,173.1241,27.98,89,40,3.09,KI,1704710795
204,serpa,37.9458,-7.5975,4.98,57,99,1.28,PT,1704710796
205,auki,-8.7676,160.7034,26.19,87,53,1.64,SB,1704710796
206,yevlakh,40.6183,47.1501,16.99,36,0,3.6,AZ,1704710796
207,rolla,37.9514,-91.7713,2.08,86,0,4.12,US,1704710796
208,flying fish cove,-10.4217,105.6791,25.82,94,100,2.06,CX,1704710797
209,klyuchi,52.2667,79.1667,1.56,78,99,10.32,RU,1704710797
210,incukalns,57.0981,24.6864,-19.27,71,53,2.69,LV,1704710797
211,zeribet el oued,34.6828,6.5111,12.93,45,3,7.62,DZ,1704710797
212,tilcara,-23.5776,-65.3509,15.16,63,1,0.87,AR,1704710797
213,punta arenas,-53.15,-70.9167,8.06,66,0,6.17,CL,1704710798
214,temnikov,54.6302,43.2148,-14.9,91,36,2.86,RU,1704710798
215,boguchany,58.3814,97.4531,-22.3,100,55,1.79,RU,1704710798
216,thompson,55.7435,-97.8558,-35.91,68,0,0.0,CA,1704710798
217,monfalcone,45.8072,13.5342,9.05,60,40,4.02,IT,1704710799
218,manadhoo,5.7667,73.3833,27.74,72,84,1.72,MV,1704710799
219,safranbolu,41.2508,32.6942,11.4,68,96,1.82,TR,1704710799
220,krasnyy chikoy,50.3643,108.7512,-20.03,100,67,1.13,RU,1704710799
221,carnarvon,-24.8667,113.6333,24.09,77,1,8.3,AU,1704710800
222,galliano,29.4422,-90.2992,14.0,82,0,2.06,US,1704710800
223,bangor,54.6534,-5.669,5.05,98,100,1.79,GB,1704710800
224,zag,46.9441,99.165,-19.91,89,74,2.0,MN,1704710800
225,guarapuava,-25.3953,-51.4581,24.27,55,57,1.95,BR,1704710801
226,san antonio de pale,-1.4014,5.6325,27.7,75,85,4.69,GQ,1704710801
227,tomatlan,19.9333,-105.25,18.8,96,36,1.17,MX,1704710801
228,quellon,-43.1167,-73.6167,10.69,72,95,1.64,CL,1704710801
229,alenquer,-1.9417,-54.7383,23.76,94,92,1.21,BR,1704710801
230,camiri,-20.05,-63.5167,21.88,94,99,0.0,BO,1704710802
231,thoen,17.6129,99.2161,27.49,53,18,1.09,TH,1704710802
232,labrador city,52.9463,-66.9114,-35.05,75,100,1.54,CA,1704710802
233,uturoa,-16.7333,-151.4333,26.8,80,22,5.33,PF,1704710802
234,hell-ville,-13.4,48.2667,31.93,75,75,2.06,MG,1704710803
235,princeville,45.7668,-61.2985,-2.18,83,0,3.58,CA,1704710803
236,muli,2.9167,73.5667,27.77,77,99,4.29,MV,1704710803
237,cambria,35.5641,-121.0808,6.66,71,0,1.79,US,1704710803
238,amble,55.3333,-1.5833,4.08,81,100,6.69,GB,1704710803
239,polaniec,50.4332,21.2812,-8.2,54,78,6.55,PL,1704710527
240,sao vicente,-23.9631,-46.3919,31.26,26,0,0.59,BR,1704710804
241,ibarra,0.35,-78.1167,12.8,87,97,2.55,EC,1704710645
242,qurayyat,31.3318,37.3428,18.1,48,0,0.0,SA,1704710804
243,canmore,51.0834,-115.3521,-14.94,97,36,0.51,CA,1704710804
244,nova sintra,14.8667,-24.7167,21.78,60,42,4.75,CV,1704710804
245,illela,13.7292,5.2975,30.63,8,28,6.6,NG,1704710804
246,taltal,-25.4,-70.4833,18.54,81,66,1.49,CL,1704710805
247,rio grande,-32.035,-52.0986,24.06,88,52,2.13,BR,1704710805
248,conde,-7.2597,-34.9075,26.7,83,40,1.54,BR,1704710805
249,airway heights,47.6446,-117.5933,-3.92,72,20,4.12,US,1704710805
250,ak-dovurak,51.1833,90.6,-20.49,100,99,0.53,RU,1704710806
251,malvan,16.0667,73.4667,28.64,58,65,4.7,IN,1704710806
252,port mathurin,-19.6833,63.4167,27.69,68,99,3.66,MU,1704710806
253,kayangel,8.0823,134.7173,28.42,80,100,8.23,PW,1704710806
254,mahina,-17.5065,-149.489,25.87,78,40,2.57,PF,1704710807
255,olinda,-8.0089,-34.8553,26.85,78,40,2.57,BR,1704710807
256,al bawiti,28.3492,28.8659,20.61,14,21,3.65,EG,1704710807
257,hun,29.1268,15.9477,16.54,22,33,3.52,LY,1704710807
258,canyon,34.9803,-101.9188,7.47,87,85,5.81,US,1704710808
259,bay city,43.5945,-83.8889,2.06,80,100,2.57,US,1704710808
260,arraial do cabo,-22.9661,-42.0278,25.98,83,20,7.72,BR,1704710808
261,east london,-33.0153,27.9116,20.52,94,100,4.63,ZA,1704710767
262,wuhai,39.6647,106.8122,-1.58,41,24,4.05,CN,1704710808
263,sao felix do xingu,-6.6447,-51.995,23.47,99,100,0.65,BR,1704710809
264,winneba,5.3511,-0.6231,30.47,67,28,3.39,GH,1704710809
265,rundu,-17.9333,19.7667,29.36,45,100,3.51,NA,1704710810
266,loukhi,66.0764,33.0381,-7.94,85,62,4.67,RU,1704710810
267,kyaikkami,16.08,97.5675,26.74,66,1,3.78,MM,1704710810
268,murzuq,25.9155,13.9184,19.18,19,100,1.51,LY,1704710810
269,coquimbo,-29.9533,-71.3436,15.85,94,0,2.57,CL,1704710811
270,krasnozerskoye,53.9828,79.2374,0.38,85,100,11.57,RU,1704710811
271,poxoreo,-15.8372,-54.3892,25.11,81,67,1.68,BR,1704710811
272,katabu,-4.9333,122.5167,25.35,92,92,1.21,ID,1704710811
273,argo,37.6333,22.7333,15.05,55,41,5.32,GR,1704710812
274,chernyshevskiy,63.0128,112.4714,-38.02,100,30,1.23,RU,1704710812
275,zambezi,-13.5432,23.1047,23.5,81,99,4.1,ZM,1704710812
276,kikwit,-5.041,18.8162,24.11,90,100,0.22,CD,1704710813
277,mingshui,36.7167,117.5,0.89,62,5,3.37,CN,1704710813
278,constantia,44.1833,28.65,-1.62,77,100,9.62,RO,1704710813
279,aldinga beach,-35.2793,138.4604,18.57,82,46,6.78,AU,1704710813
280,cannonvale,-20.2833,148.7,27.66,83,67,3.88,AU,1704710813
281,san andres,12.5847,-81.7006,28.01,69,20,5.66,CO,1704710813
282,pocahontas,36.2615,-90.9712,2.14,86,0,4.63,US,1704710814
283,rawson,-43.3002,-65.1023,17.13,41,3,7.51,AR,1704710814
284,keflavik,64.0049,-22.5624,8.24,93,100,11.83,IS,1704710814
285,nemuro,43.3236,145.575,-2.19,69,53,6.3,JP,1704710651
286,haiku-pauwela,20.9219,-156.3051,22.8,86,0,6.17,US,1704710815
287,puerto baquerizo moreno,-0.9,-89.6,24.23,87,100,4.26,EC,1704710815
288,berdigestyakh,62.0989,126.6992,-32.02,99,100,0.87,RU,1704710815
289,sao luiz gonzaga,-28.4083,-54.9608,25.28,79,70,3.33,BR,1704710815
290,funafuti,-8.5243,179.1942,28.0,94,75,0.0,TV,1704710815
291,belyy yar,53.6039,91.3903,-11.06,92,75,0.0,RU,1704710816
292,bayanhongor,46.7167,100.1167,-17.99,91,98,1.99,MN,1704710816
293,orsa,54.5153,30.4053,-12.78,87,11,2.03,BY,1704710816
294,jalai nur,49.45,117.7,-25.12,97,6,1.38,CN,1704710817
295,sovetsk,55.0839,21.8785,-10.14,71,2,1.63,RU,1704710817
296,baoqing,46.3317,132.2111,-15.28,88,99,2.67,CN,1704710817
297,castillos,-34.1667,-53.8333,21.11,85,56,0.98,UY,1704710817
298,sumenep,-7.0167,113.8667,27.79,78,100,3.1,ID,1704710818
299,tadine,-21.55,167.8833,25.25,84,90,3.32,NC,1704710818
300,betma,22.6833,75.6167,26.12,47,26,2.06,IN,1704710818
301,oyama,36.3,139.8,8.66,31,1,0.86,JP,1704710818
302,tandil,-37.3217,-59.1332,18.37,83,4,4.43,AR,1704710818
303,horta,38.5333,-28.6333,15.8,72,40,6.17,PT,1704710818
304,gua musang,4.8823,101.9644,24.87,96,77,1.18,MY,1704710819
305,namibe,-15.1961,12.1522,26.71,65,91,6.07,AO,1704710819
306,ola,59.5833,151.2833,-31.3,91,20,2.75,RU,1704710819
307,galaxia bonito jalisco,20.5018,-103.2019,12.16,92,2,0.97,MX,1704710819
308,caxito,-8.5785,13.6643,32.65,45,68,0.78,AO,1704710819
309,afif,23.9065,42.9172,20.42,30,0,2.47,SA,1704710820
310,baki,-7.6128,110.7839,26.29,86,100,1.25,ID,1704710592
311,balabac,7.9868,117.0645,27.91,80,61,7.13,PH,1704710821
312,catio,11.2833,-15.25,32.44,14,22,5.29,GW,1704710821
313,pachperwa,27.5167,82.65,21.71,41,0,3.71,IN,1704710821
314,taoudenni,22.6783,-3.9836,25.48,22,1,3.54,ML,1704710822
315,sisimiut,66.9395,-53.6735,-9.55,91,100,4.0,GL,1704710822
316,san fernando,15.0286,120.6898,29.85,79,90,2.99,PH,1704710347
317,kievka,50.2619,71.5514,-9.35,84,88,8.53,KZ,1704710822
318,tyukhtet,56.5389,89.3011,-5.17,93,100,5.39,RU,1704710822
319,anadyr,64.75,177.4833,-13.72,85,100,9.0,RU,1704710429
320,cornwall,45.0181,-74.7281,-3.94,74,100,3.6,CA,1704710823
321,akureyri,65.6835,-18.0878,5.96,75,0,7.72,IS,1704710746
322,point pedro,9.8167,80.2333,26.62,85,31,5.78,LK,1704710824
323,xilin hot,43.9667,116.0333,-17.94,94,36,0.11,CN,1704710824
324,gharavuti,37.5672,68.4469,8.36,78,100,0.75,TJ,1704710824
325,puerto armuelles,8.2833,-82.8667,22.83,84,98,1.34,PA,1704710825
326,tromso,69.6496,18.957,0.01,100,100,5.14,NO,1704710682
327,maxixe,-23.8597,35.3472,30.9,62,40,7.72,MZ,1704710825
328,faya-largeau,17.9257,19.1043,27.94,7,0,8.23,TD,1704710825
329,kruisfontein,-34.0033,24.7314,19.94,77,100,3.34,ZA,1704710826
330,atamyrat,37.8357,65.2106,12.23,29,0,6.97,TM,1704710826
331,itako,35.9333,140.55,2.41,63,0,0.93,JP,1704710826
332,howard springs,-12.497,131.047,26.01,97,97,1.9,AU,1704710827
333,talcahuano,-36.7167,-73.1167,11.82,82,0,2.06,CL,1704710827
334,bomadi,5.1593,5.9252,37.71,31,21,0.82,NG,1704710828
335,acarau,-2.8856,-40.12,28.03,70,100,5.6,BR,1704710828
336,al muwayh,22.4333,41.7583,22.44,27,0,6.45,SA,1704710828
337,priob'ye,62.5206,65.5964,-16.61,92,100,6.57,RU,1704710829
338,salalah,17.0151,54.0924,29.05,26,0,8.23,OM,1704710670
339,holualoa,19.6228,-155.9522,20.99,80,0,1.54,US,1704710829
340,luderitz,-26.6481,15.1594,26.56,47,64,13.43,NA,1704710829
341,ishigaki,24.3448,124.1572,21.07,64,75,4.63,JP,1704710819
342,andergrove,-21.0833,149.1833,27.58,83,90,3.8,AU,1704710830
343,ghanzi,-21.5667,21.7833,27.61,45,100,2.45,BW,1704710830
344,zaozersk,69.4005,32.4476,-11.31,93,99,1.97,RU,1704710830
345,tamanrasset,22.785,5.5228,20.95,9,0,6.17,DZ,1704710830
346,kununurra,-15.7667,128.7333,32.99,62,75,2.06,AU,1704710573
347,burela de cabo,43.65,-7.4,8.43,66,100,4.38,ES,1704710831
348,tazacorte,28.629,-17.9293,20.54,85,20,1.79,ES,1704710831
349,al hazm,16.1641,44.7769,21.72,33,8,2.54,YE,1704710831
350,ulanhot,46.0833,122.0833,-16.52,87,12,2.36,CN,1704710832
351,tabou,4.423,-7.3528,29.25,72,79,2.58,CI,1704710832
352,cockburn town,21.4612,-71.1419,25.3,74,82,7.29,TC,1704710832
353,gadzhiyevo,69.2551,33.3362,-6.23,74,100,3.47,RU,1704710832
354,christchurch,-43.5333,172.6333,17.17,88,99,1.03,NZ,1704710249
355,victoria,22.2855,114.1577,20.21,75,98,5.36,HK,1704710555
356,codrington,-38.2667,141.9667,15.83,77,99,6.59,AU,1704710833
357,matthew town,20.95,-73.6667,24.31,82,12,6.84,BS,1704710833
358,santana,-0.0583,-51.1817,24.69,95,100,2.17,BR,1704710833
359,mamungan,8.1172,124.2186,23.9,91,97,0.34,PH,1704710833
360,greymouth,-42.4667,171.2,14.19,91,83,0.38,NZ,1704710833
361,naze,28.3667,129.4833,11.51,63,84,1.38,JP,1704710834
362,sarandi grande,-33.7333,-56.3333,21.0,83,3,2.48,UY,1704710834
363,woolgoolga,-30.1106,153.2007,25.93,89,100,4.78,AU,1704710834
364,afaahiti,-17.75,-149.2833,24.93,87,47,6.06,PF,1704710834
365,onega,63.9061,38.1404,-4.73,90,100,6.94,RU,1704710834
366,salekhard,66.53,66.6019,-25.94,98,70,2.21,RU,1704710835
367,lana,46.6124,11.1559,7.68,68,65,1.45,IT,1704710835
368,center,31.5107,-96.4247,12.22,73,100,6.17,US,1704710836
369,letlhakeng,-24.0944,25.0298,35.07,19,6,5.08,BW,1704710836
370,vila franca do campo,37.7167,-25.4333,18.27,99,17,2.05,PT,1704710836
371,weno,7.4515,151.8468,28.97,65,75,4.12,FM,1704710837
372,kourou,5.1552,-52.6478,26.03,88,43,3.76,GF,1704710837
373,port alfred,-33.5906,26.891,18.99,98,100,2.24,ZA,1704710838
374,elk city,35.412,-99.4043,6.99,100,100,9.77,US,1704710838
375,longboat key,27.4125,-82.659,12.79,79,40,3.6,US,1704710838
376,sambava,-14.2667,50.1667,29.12,80,100,4.37,MG,1704710838
377,labytnangi,66.6572,66.4183,-21.53,91,67,2.78,RU,1704710838
378,tubarjal,30.4999,38.216,21.64,32,12,0.27,SA,1704710839
379,mocimboa,-11.3167,40.35,28.64,75,82,4.08,MZ,1704710839
380,volchikha,52.0333,80.3833,1.1,99,100,8.05,RU,1704710840
381,katsuura,35.1333,140.3,7.38,47,29,2.95,JP,1704710814
382,estebania,18.4577,-70.6435,21.73,78,13,2.43,DO,1704710840
383,saurimo,-9.6608,20.3916,26.22,66,98,3.04,AO,1704710840
384,ilagan,17.1485,121.8892,22.14,92,100,0.63,PH,1704710840
385,sanya,18.2431,109.505,25.09,69,20,3.0,CN,1704710574
386,coruripe,-10.1256,-36.1756,28.16,61,22,3.82,BR,1704710841
387,pecigrad,45.0544,15.8969,-2.18,90,100,3.5,BA,1704710841
388,vorkuta,67.5,64.0,-27.37,100,100,1.0,RU,1704710757
389,iskateley,67.6803,53.1512,-12.21,96,100,2.68,RU,1704710842
390,buala,-8.145,159.5921,27.36,83,100,1.43,SB,1704710842
391,akjoujt,19.6969,-14.4164,26.57,10,0,5.85,MR,1704710842
392,baise city,23.8997,106.6133,18.89,91,86,1.72,CN,1704710842
393,simrishamn,55.5565,14.3504,-2.07,70,26,5.51,SE,1704710842
394,yuxia,34.0615,108.6291,3.34,56,0,0.27,CN,1704710843
395,bonthe,7.5264,-12.505,31.42,54,26,1.67,SL,1704710843
396,sorong,-0.8833,131.25,27.83,80,99,4.99,ID,1704710843
397,kokopo,-4.352,152.2633,27.01,82,100,1.78,PG,1704710843
398,mata-utu,-13.2816,-176.1745,28.32,75,100,1.71,WF,1704710657
399,beloyarskiy,63.7119,66.6722,-16.37,94,100,3.38,RU,1704710844
400,saint-francois,46.4154,3.9054,-1.29,87,100,5.14,FR,1704710844
401,coos bay,43.3665,-124.2179,6.63,93,100,4.12,US,1704710844
402,paso de los libres,-29.7131,-57.0899,21.02,100,100,3.6,AR,1704710844
403,crockett,31.3182,-95.4566,10.35,87,100,3.6,US,1704710844
404,sinabang,2.4803,96.3801,28.74,75,41,2.22,ID,1704710845
405,sabha,27.0377,14.4283,17.57,17,100,1.58,LY,1704710845
406,saint croix,17.7397,-64.7388,24.42,82,0,2.57,VI,1704710845
407,bredasdorp,-34.5322,20.0403,22.05,51,45,6.58,ZA,1704710846
408,sydney mines,46.2367,-60.2177,-2.64,82,75,10.29,CA,1704710846
409,palmer,42.1584,-72.3287,-1.59,78,100,2.57,US,1704710846
410,mejit,10.2753,170.8646,26.85,70,96,8.6,MH,1704710846
411,la sarre,48.8002,-79.1996,-13.64,96,85,2.64,CA,1704710847
412,opuwo,-18.0607,13.84,27.32,48,100,1.29,NA,1704710847
413,talodi,10.6325,30.3797,34.6,11,12,1.42,SD,1704710847
414,indi,17.1667,75.9667,29.77,29,4,7.61,IN,1704710739
415,bucerias,20.75,-105.3333,23.32,88,100,1.09,MX,1704710848
416,gemena,3.25,19.7667,37.49,13,38,1.67,CD,1704710848
417,susanville,40.4163,-120.653,-9.09,92,0,2.06,US,1704710708
418,kamojimacho-jogejima,34.0667,134.35,4.9,68,4,1.81,JP,1704710848
419,peterhead,57.5058,-1.7981,-1.78,81,24,2.82,GB,1704710848
420,taipei,25.0478,121.5319,21.68,65,75,3.09,TW,1704710403
421,quartu sant'elena,39.2419,9.1839,11.16,73,40,5.66,IT,1704710849
422,mpika,-11.8343,31.4529,19.87,93,100,2.41,ZM,1704710849
423,saminaka,10.414,8.6828,30.48,8,4,3.24,NG,1704710850
424,tura,25.5198,90.2201,18.8,58,1,1.46,IN,1704710850
425,kingston,17.997,-76.7936,25.12,83,20,1.54,JM,1704710850
426,shingu,33.7333,135.9833,2.5,71,1,2.85,JP,1704710851
427,khovd,48.0056,91.6419,-12.27,95,62,0.9,MN,1704710851
428,alice springs,-23.7,133.8833,32.34,37,38,2.24,AU,1704710851
429,san rafael,-34.6177,-68.3301,19.15,34,9,6.56,AR,1704710531
430,buchanan,5.8808,-10.0467,30.48,66,38,1.26,LR,1704710851
431,sungjibaegam,41.2428,128.7989,-17.03,75,13,2.04,KP,1704710852
432,dawei,14.0833,98.2,26.49,71,22,2.05,MM,1704710494
433,cherepovets,59.1333,37.9,-14.1,85,100,5.0,RU,1704710852
434,villa gesell,-37.2639,-56.973,23.36,79,43,3.08,AR,1704710852
435,archangelos,36.2149,28.1149,15.73,69,100,1.4,GR,1704710852
436,tandalti,13.0167,31.8667,32.1,17,9,3.41,SD,1704710853
437,kalmunai,7.4167,81.8167,26.47,83,100,2.93,LK,1704710853
438,corner brook,48.9667,-57.9484,-16.91,95,78,1.84,CA,1704710853
439,lazaro cardenas,17.9583,-102.2,22.72,80,35,2.21,MX,1704710853
440,masterton,-40.9597,175.6575,13.51,80,61,2.07,NZ,1704710853
441,el bolson,-41.9667,-71.5167,9.7,91,34,2.19,AR,1704710853
442,swan hill,-35.3378,143.5544,21.84,74,75,5.86,AU,1704710854
443,las khorey,11.1595,48.1967,25.89,56,17,7.11,SO,1704710854
444,rovinj,45.08,13.64,7.9,56,100,4.66,HR,1704710854
445,mil'kovo,55.6078,37.7956,-14.41,83,8,2.81,RU,1704710855
446,tefe,-3.3542,-64.7114,24.26,86,94,1.05,BR,1704710855
447,petropavlovsk-kamchatsky,53.0452,158.6483,-15.86,82,0,4.47,RU,1704710703
448,nyurba,63.2842,118.3319,-29.65,99,98,2.25,RU,1704710855
449,meybod,32.2501,54.0166,18.01,7,0,2.13,IR,1704710856
450,thames,-37.1333,175.5333,17.54,85,58,1.27,NZ,1704710856
451,turkmenbasy,40.0222,52.9552,13.43,58,0,5.14,TM,1704710856
452,anloga,5.7947,0.8973,29.51,73,22,3.87,GH,1704710857
453,fort saskatchewan,53.7168,-113.2187,-16.57,85,6,1.95,CA,1704710857
454,de soto,34.9248,-89.9904,3.28,78,100,3.09,US,1704710857
455,nolinsk,57.5596,49.9363,-17.77,96,36,2.65,RU,1704710857
456,ribeira brava,32.65,-17.0667,22.78,92,100,1.87,PT,1704710858
457,axochiapan,18.5,-98.7667,16.56,58,37,1.04,MX,1704710858
458,smithers,54.7804,-127.1743,-5.82,93,100,1.03,CA,1704710858
459,angaur state,6.906,134.13,28.92,78,78,7.18,PW,1704710859
460,lishui,28.4604,119.9103,8.14,92,100,0.75,CN,1704710859
461,baker city,44.7749,-117.8344,-4.64,78,40,1.54,US,1704710859
462,naracoorte,-36.9579,140.7383,16.38,78,77,5.36,AU,1704710859
463,aykhal,66.0,111.5,-32.59,100,88,2.31,RU,1704710860
464,whangarei,-35.7317,174.3239,14.74,94,3,1.05,NZ,1704710710
465,humaita,-7.5061,-63.0208,24.07,94,90,0.75,BR,1704710860
466,yokadouma,3.5167,15.05,36.45,12,11,0.87,CM,1704710860
467,borzya,50.3833,116.5167,-25.59,99,12,1.11,RU,1704710861
468,uzhur,55.3036,89.8339,-10.18,93,100,3.24,RU,1704710861
469,kingscliff,-28.2667,153.5667,25.89,89,75,3.6,AU,1704710862
470,siruguppa,15.6333,76.9,28.39,48,87,6.7,IN,1704710862
471,douentza,14.9951,-2.9517,31.04,9,100,3.85,ML,1704710862
472,treinta y tres,-33.2333,-54.3833,21.57,84,75,1.74,UY,1704710862
473,el bauga,18.262,33.9081,31.06,31,4,4.89,SD,1704710863
474,crook,54.7,-1.7333,2.78,87,93,0.89,GB,1704710863
475,nikolayevsk-on-amure,53.1406,140.73,-23.36,99,97,1.85,RU,1704710863
476,nadym,65.5333,72.5167,-18.48,98,100,4.38,RU,1704710863
477,hadibu,12.65,54.0333,25.19,55,31,5.96,YE,1704710864
478,potsdam,52.3989,13.0657,-3.79,69,21,2.68,DE,1704710864
479,fort st. john,56.2499,-120.8529,-24.06,77,0,1.54,CA,1704710864
480,sungai penuh,-2.0833,101.3833,20.25,98,98,0.09,ID,1704710864
481,nurmes,63.5421,29.1397,-7.16,88,66,3.77,FI,1704710864
482,cidreira,-30.1811,-50.2056,24.07,81,90,2.84,BR,1704710865
483,sinop,41.7711,34.8709,14.24,77,99,5.98,TR,1704710865
484,mar del plata,-38.0023,-57.5575,20.29,87,0,2.06,AR,1704710865
485,namli,23.4333,75.05,25.92,41,52,1.28,IN,1704710865
486,ghormach,35.7306,63.7826,13.14,35,0,3.38,AF,1704710866
487,hotan,37.0997,79.9269,3.64,28,75,1.78,CN,1704710866
488,gorno-altaysk,51.9561,85.955,0.29,78,100,2.24,RU,1704710580
489,burang,30.25,81.1667,-2.96,26,0,2.59,CN,1704710866
490,tolanaro,-25.0319,46.9987,28.04,78,40,9.26,MG,1704710866
491,touros,-5.1989,-35.4608,28.89,63,5,3.72,BR,1704710866
492,civril,38.3014,29.7386,9.3,75,96,3.73,TR,1704710867
493,sohagpur,22.7,78.2,26.74,44,12,2.77,IN,1704710867
494,launceston,-41.45,147.1667,15.8,67,100,8.23,AU,1704710784
495,kavieng,-2.5744,150.7967,28.12,79,99,5.57,PG,1704710867
496,awjilah,29.1081,21.2869,18.9,17,92,3.35,LY,1704710868
497,hobyo,5.3505,48.5268,27.25,55,43,12.22,SO,1704710868
498,bela vista,-22.1089,-56.5211,29.28,55,0,3.66,BR,1704710869
499,novoarkhanhel's'k,48.658,30.8182,-7.09,90,100,8.45,UA,1704710869
500,zakamensk,50.3741,103.2863,-18.54,100,53,1.62,RU,1704710869
501,san antonio,29.4241,-98.4936,17.19,96,100,2.57,US,1704710869
502,okhotsk,59.3833,143.3,-31.58,82,64,4.66,RU,1704710870
503,prince albert,53.2001,-105.7677,-20.03,71,100,5.14,CA,1704710870
504,callao,-12.0667,-77.15,23.18,78,20,6.69,PE,1704710801
505,onguday,50.75,86.15,-5.73,87,100,2.38,RU,1704710870
506,lycksele,64.5954,18.6735,-2.54,93,0,1.54,SE,1704710871
507,pangody,65.85,74.4859,-19.45,98,100,4.97,RU,1704710871
508,port macquarie,-31.4333,152.9167,23.83,87,100,4.65,AU,1704710871
509,caleta de carquin,-11.0925,-77.6267,21.72,85,99,2.94,PE,1704710871
510,childress,34.4264,-100.204,8.14,93,100,6.17,US,1704710871
511,tayshet,55.9342,98.0044,-16.97,96,35,2.94,RU,1704710573
512,birao,10.2849,22.7882,33.03,9,76,3.59,CF,1704710872
513,berezovo,63.9381,65.0419,-17.46,94,100,4.15,RU,1704710872
514,visakhapatnam,17.69,83.2093,26.94,44,75,6.69,IN,1704710872
515,axim,4.8699,-2.2405,30.42,67,18,2.88,GH,1704710872
516,szikszo,48.2,20.9333,-1.35,54,68,10.49,HU,1704710872
517,ca mau,9.1769,105.15,26.98,68,96,4.64,VN,1704710695
518,broome,42.2506,-75.833,-0.57,86,100,3.09,US,1704710872
519,san patricio,28.017,-97.5169,21.02,86,95,9.97,US,1704710873
520,poso,-1.3959,120.7524,27.07,81,99,0.7,ID,1704710644
521,novodvinsk,64.4165,40.8122,-7.14,95,100,4.88,RU,1704710873
522,scottburgh,-30.2867,30.7532,22.51,86,99,5.77,ZA,1704710874
523,sao joaquim,-28.2939,-49.9317,20.83,76,70,1.85,BR,1704710874
524,sarnia,42.9787,-82.4041,2.17,86,100,3.09,CA,1704710875
525,bathsheba,13.2167,-59.5167,26.34,78,75,8.75,BB,1704710875
526,diego martin,10.7005,-61.5342,21.89,85,98,2.58,TT,1704710875
527,sydney,-33.8679,151.2073,24.28,82,84,2.24,AU,1704710106
528,vernon,50.2581,-119.2691,-2.66,75,96,1.03,CA,1704710875
529,ust'-ilimsk,58.0006,102.6619,-24.32,99,25,1.79,RU,1704710876
530,cacu,-18.5567,-51.1308,26.47,69,1,2.45,BR,1704710876
531,chutove,49.7104,35.1603,-8.84,80,100,7.7,UA,1704710876
532,guymon,36.6828,-101.4816,3.0,93,100,4.63,US,1704710876
533,borogontsy,62.6683,131.1683,-47.26,100,83,1.54,RU,1704710877
534,ostersund,63.1792,14.6357,0.25,100,100,3.09,SE,1704710877
535,antofagasta,-23.65,-70.4,20.6,79,52,0.82,CL,1704710877
536,khash,28.2211,61.2158,14.36,11,0,1.38,IR,1704710877
537,bubaque,11.2833,-15.8333,26.22,44,21,6.77,GW,1704710877
